accuracy,precision,recall,f1_score
0.9642,0.9659949622166247,0.9591496456857024,0.9625601338632085
